{"Train Step":650,"loss_rate_weak":0,"_runtime":30.9207059,"loss_rate_td3":0,"loss_rate_strong":0.6666666666666666,"win_rate_weak":0,"win_rate_td3":0,"Episode Reward":-72.18892762306929,"draw_rate_td3":1,"Actor Loss":0.8387172818183899,"_timestamp":1.7395317947154748e+09,"draw_rate_weak":1,"Total Timesteps":907,"win_rate_strong":0,"_step":335,"Saved Model":"./TD3_models\\TD3_Hockey_basic_2025-02-14_5.pth","Critic2 Loss":0.01160016655921936,"Critic1 Loss":0.010406037792563438,"_wandb":{"runtime":31},"Episode":5,"draw_rate_strong":0.3333333333333333}