{"win_rate_strong":0,"Episode Reward":-40.73265540699896,"Critic2 Loss":0.0006743317935615778,"loss_rate_td3":0,"draw_rate_td3":1,"Saved Model":"./TD3_models\\TD3_Hockey_basic_2025-02-14_5.pth","Train Step":852,"_runtime":23.7674458,"Episode":5,"Actor Loss":0.03313609957695007,"draw_rate_weak":0.6666666666666666,"win_rate_td3":0,"loss_rate_strong":0,"_timestamp":1.7395284330310278e+09,"Total Timesteps":1109,"Critic1 Loss":0.0005193070974200964,"loss_rate_weak":0.3333333333333333,"win_rate_weak":0,"_wandb":{"runtime":23},"draw_rate_strong":1,"_step":436}