{"Episode":5,"_timestamp":1.739529907280479e+09,"loss_rate_weak":0,"win_rate_strong":0,"Episode Reward":0,"Total Timesteps":1255,"_wandb":{"runtime":182},"Saved Model":"./TD3_models\\TD3_Hockey_basic_2025-02-14_5.pth","loss_rate_strong":0,"win_rate_weak":0,"_runtime":182.0523105,"Train Step":998,"draw_rate_strong":1,"Critic2 Loss":0.00011852377792820334,"Critic1 Loss":0.00010537220077821985,"draw_rate_weak":1,"_step":509,"Actor Loss":-0.10428652167320251}