{"win_rate_weak":0,"_timestamp":1.7395305407829082e+09,"Actor Loss":0.5557417869567871,"_wandb":{"runtime":30},"Critic2 Loss":0.0012215516762807965,"Episode":5,"loss_rate_weak":0,"draw_rate_td3":0,"Episode Reward":-86.20409873556403,"loss_rate_strong":0,"Total Timesteps":1042,"Saved Model":"./TD3_models\\TD3_Hockey_basic_2025-02-14_5.pth","loss_rate_td3":1,"_step":402,"Train Step":784,"Critic1 Loss":0.001271471381187439,"draw_rate_weak":1,"draw_rate_strong":1,"win_rate_strong":0,"_runtime":30.7720722,"win_rate_td3":0}