{"Total Timesteps":3399,"loss_rate_weak":0.75,"loss_rate_strong":0.6666666666666666,"_runtime":77.4814155,"Average Q2":-0.8930906653404236,"win_rate_strong":0.16666666666666666,"_wandb":{"runtime":77},"Critic1 Loss":0.6921510100364685,"Average Q1":-0.8866562843322754,"Train Step":3140,"Puck Direction Reward":0,"Actor Loss":0.8836259245872498,"Episode Reward":-17.501381373281657,"Episode":20,"win_rate_td3":0,"Episode Length":251,"_step":336,"Puck Touch Reward":0,"loss_rate_td3":0,"Critic2 Loss":0.6913412809371948,"Puck Closeness Reward":0,"win_rate_weak":0,"_timestamp":1.739734028598857e+09,"Saved Model":"./TD3_models\\TD3_Hockey_basic_2025-02-16_20-27-08_20.pth","draw_rate_weak":0.25,"draw_rate_td3":1,"draw_rate_strong":0.16666666666666666,"Win/Loss Reward":0,"Exploration Noise":0.1}